# Rejected follow-up variants; installed optimized arm64 compiler; work factor 20. Ratios >1 favor variant. Six pairs each. fused used fixed baseline-first order; all other two-variant runs alternated order. These are integer keys, with int/string payloads.
variant,payload,entries,operation,pairs,baseline_ns,variant_ns,median_paired_speedup,min_paired_speedup,max_paired_speedup
combined,int,1,build,6,44.436,43.973,0.9999,0.9692,1.0338
combined,int,1,churn,6,11.398,11.584,0.9865,0.9179,1.0013
combined,int,1,hit,6,4.239,4.252,0.9922,0.9780,1.0149
combined,int,1,miss,6,2.999,2.872,1.0452,0.9946,1.0642
combined,int,1,replace,6,5.052,5.805,0.8638,0.7126,0.9020
combined,int,8,build,6,15.570,21.956,0.7039,0.6886,0.7377
combined,int,8,churn,6,11.826,14.642,0.8077,0.7998,0.8172
combined,int,8,hit,6,4.710,4.751,0.9874,0.9732,1.0123
combined,int,8,miss,6,2.763,2.864,0.9611,0.9306,1.0004
combined,int,8,replace,6,5.052,5.761,0.8787,0.8545,0.8900
combined,int,64,build,6,36.562,40.287,0.9065,0.8788,0.9347
combined,int,64,churn,6,15.160,15.481,0.9825,0.9616,1.0221
combined,int,64,hit,6,4.494,5.383,0.8398,0.8156,0.8521
combined,int,64,miss,6,3.768,4.139,0.9162,0.8967,0.9184
combined,int,64,replace,6,6.225,5.813,1.0694,1.0459,1.0942
combined,int,1024,build,6,38.410,42.938,0.8975,0.8883,0.9120
combined,int,1024,churn,6,13.447,13.335,1.0126,0.9934,1.0267
combined,int,1024,hit,6,4.569,5.404,0.8486,0.8377,0.8648
combined,int,1024,miss,6,4.377,4.729,0.9252,0.9111,0.9438
combined,int,1024,replace,6,6.271,5.766,1.0933,1.0691,1.1183
combined,int,57344,build,6,34.662,38.856,0.8930,0.8773,0.9914
combined,int,57344,churn,6,15.637,16.964,0.9861,0.8722,1.1145
combined,int,57344,hit,6,6.768,7.931,0.8646,0.8519,0.9011
combined,int,57344,miss,6,16.345,17.854,0.9003,0.8112,0.9875
combined,int,57344,replace,6,9.044,8.535,1.0770,1.0189,1.3747
combined,int,65536,build,6,48.716,52.875,0.9218,0.8970,0.9238
combined,int,65536,churn,6,16.727,16.831,0.9809,0.9485,1.1645
combined,int,65536,hit,6,6.104,7.213,0.8439,0.8248,0.9240
combined,int,65536,miss,6,4.996,5.518,0.9094,0.8968,0.9243
combined,int,65536,replace,6,8.895,8.116,1.0822,1.0442,1.1854
combined,int,1048576,build,6,70.285,70.159,0.9563,0.9278,1.1276
combined,int,1048576,churn,6,32.947,36.558,1.0058,0.8480,1.0304
combined,int,1048576,hit,6,16.592,17.419,0.9396,0.9063,0.9849
combined,int,1048576,miss,6,6.598,7.649,0.9016,0.8168,0.9627
combined,int,1048576,replace,6,28.506,24.549,1.0132,0.9692,1.4687
combined,string,1,build,6,43.980,44.118,1.0037,0.9673,1.0355
combined,string,1,churn,6,11.527,11.523,0.9978,0.9819,1.0154
combined,string,1,hit,6,4.236,4.306,0.9829,0.9758,0.9923
combined,string,1,miss,6,2.994,2.863,1.0553,1.0340,1.0776
combined,string,1,replace,6,5.207,5.947,0.8743,0.8701,0.8841
combined,string,8,build,6,15.409,21.816,0.7053,0.6943,0.7179
combined,string,8,churn,6,11.776,14.843,0.7869,0.7793,0.8191
combined,string,8,hit,6,4.689,4.750,0.9875,0.9818,0.9947
combined,string,8,miss,6,2.799,2.816,0.9967,0.9666,1.0150
combined,string,8,replace,6,5.419,5.965,0.8954,0.8923,0.9243
combined,string,64,build,6,35.961,40.006,0.8994,0.8702,0.9235
combined,string,64,churn,6,15.262,15.534,0.9829,0.9528,1.0071
combined,string,64,hit,6,4.434,5.373,0.8285,0.8092,0.8384
combined,string,64,miss,6,3.780,4.132,0.9131,0.8972,0.9310
combined,string,64,replace,6,6.467,5.944,1.0818,1.0430,1.1107
combined,string,1024,build,6,38.311,42.348,0.9044,0.8932,0.9156
combined,string,1024,churn,6,13.648,13.482,1.0152,0.9911,1.0219
combined,string,1024,hit,6,4.587,5.386,0.8525,0.8409,0.8628
combined,string,1024,miss,6,4.383,4.736,0.9312,0.9120,0.9617
combined,string,1024,replace,6,6.540,6.013,1.0892,1.0789,1.0925
combined,string,57344,build,6,35.742,39.879,0.9035,0.8825,0.9510
combined,string,57344,churn,6,16.357,16.371,0.9709,0.9505,1.0883
combined,string,57344,hit,6,6.804,7.923,0.8701,0.8507,0.8798
combined,string,57344,miss,6,16.424,17.047,0.9768,0.9098,1.0610
combined,string,57344,replace,6,9.202,8.437,1.0769,0.9931,1.5195
combined,string,65536,build,6,52.677,57.248,0.9223,0.9078,0.9417
combined,string,65536,churn,6,16.681,17.342,0.9739,0.9474,0.9927
combined,string,65536,hit,6,6.046,7.194,0.8430,0.8328,0.8453
combined,string,65536,miss,6,4.989,5.490,0.9060,0.8866,0.9184
combined,string,65536,replace,6,8.684,8.323,1.0418,0.7933,1.0867
combined,string,1048576,build,6,69.832,75.309,0.9508,0.8937,0.9981
combined,string,1048576,churn,6,36.504,36.541,1.0049,0.9894,1.0955
combined,string,1048576,hit,6,16.058,18.893,0.9106,0.8289,0.9230
combined,string,1048576,miss,6,6.826,7.266,0.9146,0.8932,0.9682
combined,string,1048576,replace,6,28.167,25.721,1.0210,0.8591,1.3749
peel,int,1,build,6,44.436,43.255,1.0283,0.9846,1.0538
peel,int,1,churn,6,11.398,12.983,0.8884,0.8054,0.8977
peel,int,1,hit,6,4.239,4.248,0.9943,0.9475,1.0353
peel,int,1,miss,6,2.999,2.866,1.0476,1.0434,1.0660
peel,int,1,replace,6,5.052,6.084,0.8177,0.7838,0.8787
peel,int,8,build,6,15.570,20.129,0.7696,0.7648,0.7786
peel,int,8,churn,6,11.826,13.359,0.8840,0.8652,0.8943
peel,int,8,hit,6,4.710,4.791,0.9891,0.9697,0.9932
peel,int,8,miss,6,2.763,2.811,0.9855,0.9734,0.9891
peel,int,8,replace,6,5.052,6.461,0.7876,0.7691,0.7942
peel,int,64,build,6,36.562,37.301,0.9836,0.9548,1.0179
peel,int,64,churn,6,15.160,15.776,0.9573,0.9495,0.9642
peel,int,64,hit,6,4.494,5.244,0.8627,0.8481,0.8686
peel,int,64,miss,6,3.768,4.141,0.9160,0.8767,0.9385
peel,int,64,replace,6,6.225,7.084,0.8818,0.8206,0.8879
peel,int,1024,build,6,38.410,38.383,1.0013,0.9597,1.0153
peel,int,1024,churn,6,13.447,14.243,0.9414,0.9277,0.9581
peel,int,1024,hit,6,4.569,5.307,0.8639,0.8539,0.8709
peel,int,1024,miss,6,4.377,4.780,0.9222,0.9105,0.9393
peel,int,1024,replace,6,6.271,7.173,0.8802,0.8725,0.8926
peel,int,57344,build,6,34.662,34.544,0.9959,0.9719,1.1024
peel,int,57344,churn,6,15.637,16.586,0.9631,0.9258,1.0664
peel,int,57344,hit,6,6.768,7.675,0.8918,0.8790,0.9214
peel,int,57344,miss,6,16.345,17.419,0.9620,0.8495,1.0204
peel,int,57344,replace,6,9.044,9.967,0.9095,0.8693,1.2183
peel,int,65536,build,6,48.716,49.288,0.9834,0.9660,1.0117
peel,int,65536,churn,6,16.727,17.206,0.9447,0.9133,1.1011
peel,int,65536,hit,6,6.104,7.019,0.8612,0.8483,0.9475
peel,int,65536,miss,6,4.996,5.547,0.9106,0.8887,0.9286
peel,int,65536,replace,6,8.895,9.567,0.8825,0.8235,1.0332
peel,int,1048576,build,6,70.285,66.530,1.0271,0.9576,1.1352
peel,int,1048576,churn,6,32.947,35.133,0.9619,0.8191,1.0892
peel,int,1048576,hit,6,16.592,17.770,0.9333,0.9219,0.9742
peel,int,1048576,miss,6,6.598,7.244,0.9132,0.8686,0.9711
peel,int,1048576,replace,6,28.506,26.635,0.9813,0.9159,1.2616
peel,string,1,build,6,43.980,42.989,1.0194,0.9914,1.0982
peel,string,1,churn,6,11.527,12.471,0.9212,0.9118,0.9352
peel,string,1,hit,6,4.236,4.269,0.9918,0.9806,1.0047
peel,string,1,miss,6,2.994,2.864,1.0572,1.0391,1.0755
peel,string,1,replace,6,5.207,6.223,0.8349,0.8283,0.8476
peel,string,8,build,6,15.409,19.907,0.7668,0.7619,0.8093
peel,string,8,churn,6,11.776,13.747,0.8533,0.8427,0.8931
peel,string,8,hit,6,4.689,4.749,0.9881,0.9818,0.9948
peel,string,8,miss,6,2.799,2.855,0.9861,0.9625,0.9976
peel,string,8,replace,6,5.419,6.634,0.8128,0.7910,0.8344
peel,string,64,build,6,35.961,36.924,0.9766,0.9190,0.9860
peel,string,64,churn,6,15.262,15.892,0.9575,0.9375,0.9767
peel,string,64,hit,6,4.434,5.208,0.8572,0.8364,0.8679
peel,string,64,miss,6,3.780,4.101,0.9108,0.9028,0.9392
peel,string,64,replace,6,6.467,7.275,0.8901,0.8570,0.9058
peel,string,1024,build,6,38.311,38.749,0.9938,0.9729,1.0235
peel,string,1024,churn,6,13.648,14.328,0.9502,0.9421,0.9651
peel,string,1024,hit,6,4.587,5.301,0.8616,0.8546,0.8826
peel,string,1024,miss,6,4.383,4.755,0.9269,0.9156,0.9595
peel,string,1024,replace,6,6.540,7.373,0.8903,0.8697,0.9171
peel,string,57344,build,6,35.742,35.989,0.9989,0.9891,1.0444
peel,string,57344,churn,6,16.357,17.116,0.9328,0.9190,1.1001
peel,string,57344,hit,6,6.804,7.782,0.8848,0.8643,0.9084
peel,string,57344,miss,6,16.424,16.645,0.9894,0.9540,1.0893
peel,string,57344,replace,6,9.202,10.405,0.9019,0.8391,1.2923
peel,string,65536,build,6,52.677,53.595,0.9888,0.9638,1.0085
peel,string,65536,churn,6,16.681,17.556,0.9420,0.8898,1.0183
peel,string,65536,hit,6,6.046,7.043,0.8597,0.8536,0.8763
peel,string,65536,miss,6,4.989,5.487,0.9096,0.9051,0.9241
peel,string,65536,replace,6,8.684,9.934,0.8724,0.7870,0.8922
peel,string,1048576,build,6,69.832,71.284,0.9790,0.9637,1.0310
peel,string,1048576,churn,6,36.504,37.392,0.9649,0.8965,1.0989
peel,string,1048576,hit,6,16.058,17.605,0.9280,0.8548,0.9784
peel,string,1048576,miss,6,6.826,7.504,0.9131,0.8719,0.9524
peel,string,1048576,replace,6,28.167,28.247,0.9524,0.8016,1.1506
fused,int,1,build,6,41.831,42.739,0.9760,0.9568,0.9941
fused,int,1,churn,6,11.288,11.884,0.9491,0.9372,0.9805
fused,int,1,hit,6,4.189,4.124,1.0174,0.9847,1.0407
fused,int,1,miss,6,2.963,2.952,1.0050,0.9803,1.0116
fused,int,1,replace,6,4.998,5.720,0.8753,0.8405,0.8806
fused,int,8,build,6,15.044,21.276,0.7110,0.6939,0.7250
fused,int,8,churn,6,11.649,14.410,0.8091,0.8030,0.8180
fused,int,8,hit,6,4.596,4.641,0.9999,0.9719,1.0111
fused,int,8,miss,6,2.700,2.720,0.9937,0.9111,1.0848
fused,int,8,replace,6,5.051,5.716,0.8800,0.8597,0.9067
fused,int,64,build,6,35.290,39.202,0.8948,0.8846,0.9487
fused,int,64,churn,6,14.855,14.768,1.0104,0.9662,1.0230
fused,int,64,hit,6,4.397,4.442,0.9926,0.9259,1.0114
fused,int,64,miss,6,3.713,3.677,0.9996,0.9900,1.0368
fused,int,64,replace,6,6.034,5.686,1.0660,1.0208,1.0820
fused,int,1024,build,6,37.325,41.543,0.8980,0.8801,0.9229
fused,int,1024,churn,6,13.067,12.380,1.0508,1.0319,1.0866
fused,int,1024,hit,6,4.504,4.486,1.0022,0.9842,1.0100
fused,int,1024,miss,6,4.372,4.385,1.0001,0.9871,1.0103
fused,int,1024,replace,6,6.229,5.679,1.0955,1.0922,1.1349
fused,int,57344,build,6,33.041,37.662,0.8817,0.8594,0.9020
fused,int,57344,churn,6,14.670,14.416,1.0198,0.9625,1.0597
fused,int,57344,hit,6,6.587,6.553,1.0027,0.9877,1.0228
fused,int,57344,miss,6,15.489,17.175,0.8898,0.8235,0.9936
fused,int,57344,replace,6,8.331,7.845,1.0688,0.9807,1.1616
fused,int,65536,build,6,46.761,51.600,0.9049,0.8680,0.9239
fused,int,65536,churn,6,15.497,14.899,1.0443,0.9717,1.0521
fused,int,65536,hit,6,5.796,5.809,0.9933,0.9545,1.0096
fused,int,65536,miss,6,4.874,4.957,0.9833,0.9404,1.0219
fused,int,65536,replace,6,8.248,7.641,1.0811,1.0004,1.1101
fused,int,1048576,build,6,60.668,64.811,0.9385,0.9102,0.9793
fused,int,1048576,churn,6,26.763,25.505,1.0518,0.9986,1.0698
fused,int,1048576,hit,6,12.908,12.917,1.0056,0.9510,1.0192
fused,int,1048576,miss,6,5.803,5.867,0.9888,0.9476,1.0079
fused,int,1048576,replace,6,19.212,21.826,1.0147,0.7077,1.0573
fused,string,1,build,6,42.353,42.130,1.0095,0.9780,1.0237
fused,string,1,churn,6,11.397,11.814,0.9637,0.9361,0.9817
fused,string,1,hit,6,4.139,4.192,0.9837,0.9741,1.0019
fused,string,1,miss,6,2.976,2.973,1.0002,0.9916,1.0154
fused,string,1,replace,6,5.172,5.936,0.8692,0.8550,0.8877
fused,string,8,build,6,15.141,21.208,0.7105,0.7051,0.7324
fused,string,8,churn,6,11.503,14.277,0.8012,0.7848,0.8251
fused,string,8,hit,6,4.598,4.623,0.9926,0.9850,1.0145
fused,string,8,miss,6,2.695,2.741,0.9871,0.9768,1.0767
fused,string,8,replace,6,5.324,5.941,0.8894,0.8563,0.9161
fused,string,64,build,6,36.283,38.928,0.9261,0.9036,0.9590
fused,string,64,churn,6,14.840,15.000,1.0027,0.9694,1.0121
fused,string,64,hit,6,4.394,4.433,0.9922,0.9266,1.0224
fused,string,64,miss,6,3.735,3.695,1.0097,0.9756,1.0181
fused,string,64,replace,6,6.428,5.935,1.0840,1.0260,1.0939
fused,string,1024,build,6,37.884,42.059,0.9020,0.8802,0.9072
fused,string,1024,churn,6,13.207,12.666,1.0522,1.0326,1.0612
fused,string,1024,hit,6,4.480,4.457,1.0007,0.9452,1.0172
fused,string,1024,miss,6,4.325,4.361,0.9834,0.9729,1.0042
fused,string,1024,replace,6,6.438,5.973,1.0764,1.0593,1.1171
fused,string,57344,build,6,34.336,38.031,0.9028,0.8622,0.9270
fused,string,57344,churn,6,14.805,14.358,1.0319,0.9941,1.0693
fused,string,57344,hit,6,6.588,6.627,0.9976,0.9519,1.0271
fused,string,57344,miss,6,15.224,16.863,0.9173,0.8322,0.9796
fused,string,57344,replace,6,8.567,8.127,1.0559,1.0316,1.0811
fused,string,65536,build,6,50.857,55.362,0.9210,0.8867,0.9393
fused,string,65536,churn,6,15.375,15.211,1.0247,0.9953,1.0541
fused,string,65536,hit,6,5.814,5.841,0.9977,0.9778,1.0168
fused,string,65536,miss,6,4.867,4.954,0.9856,0.9754,0.9986
fused,string,65536,replace,6,8.324,8.079,1.0238,0.9367,1.1019
fused,string,1048576,build,6,64.093,67.247,0.9468,0.8804,0.9845
fused,string,1048576,churn,6,28.250,27.460,1.0476,1.0008,1.0854
fused,string,1048576,hit,6,13.003,12.643,1.0227,0.9444,1.0746
fused,string,1048576,miss,6,5.874,5.930,0.9942,0.9820,1.0043
fused,string,1048576,replace,6,21.776,20.588,1.0443,0.9278,1.4732
lazy,int,1,build,6,42.406,41.261,1.0327,0.9548,1.0847
lazy,int,1,churn,6,11.338,14.945,0.7592,0.7465,0.7764
lazy,int,1,hit,6,4.201,4.178,1.0106,0.9665,1.0302
lazy,int,1,miss,6,2.963,2.964,1.0042,0.9829,1.0130
lazy,int,1,replace,6,4.989,5.779,0.8673,0.8466,0.8902
lazy,int,8,build,6,15.014,20.980,0.7157,0.7048,0.7269
lazy,int,8,churn,6,11.652,25.471,0.4556,0.4514,0.4765
lazy,int,8,hit,6,4.623,4.631,0.9956,0.9734,1.0262
lazy,int,8,miss,6,2.711,2.726,0.9954,0.9236,1.0730
lazy,int,8,replace,6,5.101,5.663,0.9039,0.8651,0.9230
lazy,int,64,build,6,35.075,39.037,0.8946,0.8443,0.9245
lazy,int,64,churn,6,14.879,21.598,0.6945,0.6502,0.6993
lazy,int,64,hit,6,4.387,4.375,1.0024,0.9607,1.0215
lazy,int,64,miss,6,3.671,3.714,0.9887,0.9754,1.0060
lazy,int,64,replace,6,6.107,5.643,1.0864,1.0462,1.0925
lazy,int,1024,build,6,36.868,40.471,0.9060,0.8869,0.9789
lazy,int,1024,churn,6,13.059,21.785,0.6002,0.5882,0.6095
lazy,int,1024,hit,6,4.467,4.425,0.9986,0.9717,1.0481
lazy,int,1024,miss,6,4.326,4.361,0.9920,0.9796,1.0117
lazy,int,1024,replace,6,6.204,5.765,1.0768,1.0491,1.0970
lazy,int,57344,build,6,33.255,36.801,0.9050,0.8530,0.9129
lazy,int,57344,churn,6,14.633,24.199,0.6084,0.5962,0.6142
lazy,int,57344,hit,6,6.609,6.588,0.9955,0.9744,1.0366
lazy,int,57344,miss,6,15.663,17.416,0.9090,0.8463,0.9464
lazy,int,57344,replace,6,8.312,7.863,1.0607,0.8080,1.1147
lazy,int,65536,build,6,46.849,50.440,0.9313,0.9160,0.9383
lazy,int,65536,churn,6,15.224,26.288,0.5794,0.5737,0.5845
lazy,int,65536,hit,6,5.800,5.799,1.0029,0.9749,1.0588
lazy,int,65536,miss,6,4.899,4.893,0.9981,0.9694,1.0108
lazy,int,65536,replace,6,8.044,7.580,1.0696,1.0286,1.0842
lazy,int,1048576,build,6,60.200,63.799,0.9433,0.9258,0.9530
lazy,int,1048576,churn,6,26.918,38.252,0.6951,0.6714,0.7422
lazy,int,1048576,hit,6,12.990,12.736,1.0058,0.9563,1.0738
lazy,int,1048576,miss,6,5.797,5.816,0.9978,0.9503,1.0854
lazy,int,1048576,replace,6,19.127,18.899,1.0266,1.0038,1.1132
lazy,string,1,build,6,42.471,40.951,1.0371,0.9893,1.0849
lazy,string,1,churn,6,11.296,14.656,0.7713,0.7500,0.7881
lazy,string,1,hit,6,4.155,4.165,0.9963,0.9840,1.0175
lazy,string,1,miss,6,2.963,2.982,0.9901,0.9716,1.0044
lazy,string,1,replace,6,5.225,5.915,0.8812,0.8681,0.8924
lazy,string,8,build,6,14.944,20.801,0.7207,0.7073,0.7445
lazy,string,8,churn,6,11.474,25.410,0.4514,0.4479,0.4614
lazy,string,8,hit,6,4.592,4.600,0.9984,0.9723,1.0437
lazy,string,8,miss,6,2.739,2.753,1.0003,0.9537,1.0285
lazy,string,8,replace,6,5.336,5.864,0.9147,0.8758,0.9533
lazy,string,64,build,6,35.635,38.863,0.9148,0.8756,0.9500
lazy,string,64,churn,6,14.749,21.575,0.6836,0.6458,0.6960
lazy,string,64,hit,6,4.386,4.380,1.0042,0.9441,1.0248
lazy,string,64,miss,6,3.692,3.702,0.9958,0.9808,1.0268
lazy,string,64,replace,6,6.331,5.954,1.0607,1.0330,1.1331
lazy,string,1024,build,6,37.377,40.709,0.9152,0.8881,0.9224
lazy,string,1024,churn,6,13.172,21.773,0.6032,0.5914,0.6168
lazy,string,1024,hit,6,4.524,4.480,1.0070,0.9907,1.0468
lazy,string,1024,miss,6,4.317,4.366,0.9940,0.9598,1.0002
lazy,string,1024,replace,6,6.362,5.962,1.0676,1.0504,1.0870
lazy,string,57344,build,6,34.386,38.148,0.8987,0.8894,0.9120
lazy,string,57344,churn,6,14.805,27.459,0.5410,0.5301,0.5479
lazy,string,57344,hit,6,6.631,6.641,1.0009,0.9938,1.0180
lazy,string,57344,miss,6,15.070,17.435,0.8737,0.8271,0.9376
lazy,string,57344,replace,6,8.536,8.355,1.0212,0.9011,1.0855
lazy,string,65536,build,6,50.081,54.683,0.9230,0.9048,0.9342
lazy,string,65536,churn,6,15.470,29.778,0.5157,0.4994,0.5275
lazy,string,65536,hit,6,5.831,5.782,1.0074,0.9891,1.0696
lazy,string,65536,miss,6,4.866,4.876,0.9974,0.9747,1.0167
lazy,string,65536,replace,6,8.307,7.962,1.0436,0.9385,1.1359
lazy,string,1048576,build,6,63.984,66.608,0.9649,0.9374,0.9832
lazy,string,1048576,churn,6,28.084,43.127,0.6515,0.6160,0.7640
lazy,string,1048576,hit,6,12.784,12.620,1.0105,0.9633,1.1018
lazy,string,1048576,miss,6,5.925,5.891,1.0051,0.9727,1.0961
lazy,string,1048576,replace,6,21.998,20.663,1.0652,1.0187,1.2888
inline,int,1,build,6,42.178,42.210,1.0017,0.9509,1.0299
inline,int,1,churn,6,11.099,11.321,0.9867,0.9093,0.9923
inline,int,1,hit,6,4.139,4.115,1.0068,0.9973,1.0265
inline,int,1,miss,6,2.958,2.975,1.0000,0.9903,1.0120
inline,int,1,replace,6,4.940,5.667,0.8720,0.8357,0.9038
inline,int,8,build,6,15.085,20.646,0.7293,0.6873,0.7574
inline,int,8,churn,6,11.713,14.237,0.8214,0.8075,0.8361
inline,int,8,hit,6,4.580,4.607,0.9999,0.9786,1.0133
inline,int,8,miss,6,2.709,2.701,0.9960,0.9647,1.0825
inline,int,8,replace,6,4.864,5.684,0.8639,0.8278,0.8901
inline,int,64,build,6,35.755,38.468,0.9266,0.8870,0.9425
inline,int,64,churn,6,14.841,14.578,1.0181,0.9953,1.0522
inline,int,64,hit,6,4.357,4.415,0.9855,0.9685,0.9968
inline,int,64,miss,6,3.662,3.664,1.0014,0.9921,1.0291
inline,int,64,replace,6,6.151,5.647,1.0776,1.0614,1.1351
inline,int,1024,build,6,36.918,40.581,0.9105,0.8782,0.9571
inline,int,1024,churn,6,13.116,12.295,1.0649,1.0410,1.1009
inline,int,1024,hit,6,4.465,4.455,1.0081,0.9806,1.0273
inline,int,1024,miss,6,4.333,4.336,0.9964,0.9708,1.0060
inline,int,1024,replace,6,6.158,5.564,1.1025,1.0813,1.1277
inline,int,57344,build,6,33.170,37.511,0.8816,0.8556,0.8925
inline,int,57344,churn,6,14.764,14.517,1.0187,0.9993,1.0467
inline,int,57344,hit,6,6.591,6.588,1.0025,0.9782,1.0291
inline,int,57344,miss,6,15.691,16.178,0.9602,0.8806,1.0184
inline,int,57344,replace,6,8.384,7.905,1.0633,1.0339,1.1272
inline,int,65536,build,6,46.746,51.428,0.9063,0.8949,0.9635
inline,int,65536,churn,6,15.316,14.837,1.0213,0.9964,1.0920
inline,int,65536,hit,6,5.805,5.825,1.0032,0.9792,1.0787
inline,int,65536,miss,6,4.906,4.899,0.9979,0.9903,1.0341
inline,int,65536,replace,6,8.207,7.548,1.0977,1.0390,1.2190
inline,int,1048576,build,6,60.200,64.078,0.9341,0.9131,1.0670
inline,int,1048576,churn,6,26.163,24.959,1.0505,0.9860,1.0736
inline,int,1048576,hit,6,12.717,12.729,0.9967,0.7738,1.0275
inline,int,1048576,miss,6,5.784,5.800,0.9826,0.9172,1.0088
inline,int,1048576,replace,6,19.095,18.400,1.0288,1.0184,1.0448
inline,string,1,build,6,42.218,43.043,0.9902,0.9340,1.0827
inline,string,1,churn,6,11.362,11.459,0.9906,0.9651,1.0029
inline,string,1,hit,6,4.110,4.209,0.9837,0.9590,0.9995
inline,string,1,miss,6,2.960,2.966,0.9970,0.9943,1.0064
inline,string,1,replace,6,5.182,5.800,0.8925,0.8474,0.9086
inline,string,8,build,6,15.058,20.809,0.7164,0.7036,0.7486
inline,string,8,churn,6,11.348,14.004,0.8127,0.7924,0.8361
inline,string,8,hit,6,4.617,4.566,1.0100,0.9970,1.0301
inline,string,8,miss,6,2.728,2.780,0.9887,0.9235,1.0828
inline,string,8,replace,6,5.260,5.846,0.8956,0.8749,0.9676
inline,string,64,build,6,35.543,38.499,0.9188,0.8814,0.9540
inline,string,64,churn,6,14.784,14.748,1.0099,0.9622,1.0200
inline,string,64,hit,6,4.365,4.396,0.9971,0.9617,1.0140
inline,string,64,miss,6,3.688,3.681,1.0025,0.9859,1.0154
inline,string,64,replace,6,6.319,5.845,1.0849,1.0444,1.1301
inline,string,1024,build,6,37.690,41.144,0.9128,0.8995,0.9307
inline,string,1024,churn,6,13.061,12.500,1.0454,1.0097,1.1264
inline,string,1024,hit,6,4.440,4.476,0.9932,0.9660,1.0129
inline,string,1024,miss,6,4.313,4.357,0.9914,0.9796,1.0085
inline,string,1024,replace,6,6.316,5.941,1.0654,1.0136,1.0920
inline,string,57344,build,6,34.244,38.351,0.8929,0.8773,0.9182
inline,string,57344,churn,6,14.755,14.518,1.0216,1.0031,1.0263
inline,string,57344,hit,6,6.615,6.586,1.0062,0.9927,1.0300
inline,string,57344,miss,6,15.837,14.788,1.0660,0.9751,1.1434
inline,string,57344,replace,6,8.565,8.074,1.0620,1.0337,1.1014
inline,string,65536,build,6,50.358,54.474,0.9262,0.8897,1.0089
inline,string,65536,churn,6,15.475,14.995,1.0327,0.9916,1.0786
inline,string,65536,hit,6,5.799,5.820,0.9989,0.9826,1.0248
inline,string,65536,miss,6,4.870,4.870,0.9973,0.9767,1.0143
inline,string,65536,replace,6,8.443,7.830,1.0924,1.0308,1.1787
inline,string,1048576,build,6,63.853,68.251,0.9465,0.9196,0.9522
inline,string,1048576,churn,6,27.602,26.746,1.0456,0.9986,1.0596
inline,string,1048576,hit,6,12.724,12.665,1.0042,0.9609,1.0614
inline,string,1048576,miss,6,5.832,5.864,0.9939,0.9292,1.0095
inline,string,1048576,replace,6,21.267,20.047,1.0804,0.8022,1.2978
encoded,int,1,build,6,43.181,41.812,0.9981,0.9906,1.0811
encoded,int,1,churn,6,11.387,11.280,1.0081,0.9282,1.0224
encoded,int,1,hit,6,4.274,4.218,1.0047,0.9630,1.0370
encoded,int,1,miss,6,3.017,2.991,1.0028,0.3955,1.0360
encoded,int,1,replace,6,5.195,5.633,0.8697,0.4076,0.9743
encoded,int,8,build,6,15.305,15.245,1.0076,0.9667,1.0319
encoded,int,8,churn,6,11.714,12.130,0.9768,0.9481,1.0071
encoded,int,8,hit,6,4.604,4.685,1.0014,0.9732,1.0274
encoded,int,8,miss,6,2.858,2.745,1.0337,0.9876,1.0984
encoded,int,8,replace,6,5.054,5.636,0.9140,0.8900,0.9339
encoded,int,64,build,6,36.187,33.108,1.0738,1.0597,1.1269
encoded,int,64,churn,6,15.058,13.934,1.0842,1.0643,1.0941
encoded,int,64,hit,6,4.375,4.458,0.9892,0.9762,1.0115
encoded,int,64,miss,6,3.708,3.765,0.9906,0.9514,1.0137
encoded,int,64,replace,6,6.203,5.610,1.1054,1.0615,1.1330
encoded,int,1024,build,6,37.743,35.757,1.0520,1.0269,1.0818
encoded,int,1024,churn,6,13.190,12.552,1.0528,1.0336,1.0832
encoded,int,1024,hit,6,4.511,4.544,0.9926,0.9770,1.0265
encoded,int,1024,miss,6,4.338,4.419,0.9906,0.9677,1.0092
encoded,int,1024,replace,6,6.256,5.663,1.1044,1.0697,1.1415
encoded,int,57344,build,6,33.871,31.883,1.0598,1.0345,1.0682
encoded,int,57344,churn,6,15.171,14.223,1.0610,1.0286,1.2020
encoded,int,57344,hit,6,6.755,6.632,1.0079,0.9773,1.0380
encoded,int,57344,miss,6,16.756,17.645,0.9264,0.8866,0.9799
encoded,int,57344,replace,6,8.800,8.008,1.0828,1.0268,1.1364
encoded,int,65536,build,6,47.675,46.174,1.0414,0.9998,1.0563
encoded,int,65536,churn,6,15.991,15.342,1.0296,1.0028,1.4809
encoded,int,65536,hit,6,5.885,6.059,0.9920,0.9551,1.0028
encoded,int,65536,miss,6,4.975,4.991,0.9943,0.9753,1.0182
encoded,int,65536,replace,6,8.529,8.201,1.0354,0.9592,1.1967
encoded,int,1048576,build,6,69.389,68.578,1.0420,0.9234,1.1518
encoded,int,1048576,churn,6,39.989,40.395,1.0602,0.7922,1.1348
encoded,int,1048576,hit,6,19.800,20.285,0.9966,0.9010,1.0367
encoded,int,1048576,miss,6,8.005,8.313,0.9877,0.9468,1.0273
encoded,int,1048576,replace,6,31.636,28.563,1.0423,0.9633,1.3021
encoded,string,1,build,6,42.656,41.888,1.0332,0.9804,1.0595
encoded,string,1,churn,6,11.454,11.893,0.9571,0.9508,1.0020
encoded,string,1,hit,6,4.168,4.233,0.9916,0.9680,1.0123
encoded,string,1,miss,6,3.043,3.032,0.9931,0.3882,1.0453
encoded,string,1,replace,6,5.215,5.905,0.8723,0.4010,0.9131
encoded,string,8,build,6,14.962,14.915,1.0156,0.9845,1.0374
encoded,string,8,churn,6,11.471,11.814,0.9753,0.9499,1.0065
encoded,string,8,hit,6,4.597,4.575,1.0022,0.9862,1.0199
encoded,string,8,miss,6,2.776,2.836,1.0008,0.9203,1.0608
encoded,string,8,replace,6,5.418,5.950,0.9106,0.8521,0.9217
encoded,string,64,build,6,35.048,33.243,1.0557,1.0137,1.0876
encoded,string,64,churn,6,14.960,13.705,1.0866,1.0517,1.1245
encoded,string,64,hit,6,4.460,4.467,1.0023,0.9568,1.0252
encoded,string,64,miss,6,3.777,3.670,1.0187,0.9958,1.0391
encoded,string,64,replace,6,6.435,5.938,1.0837,1.0384,1.1481
encoded,string,1024,build,6,38.139,36.422,1.0423,1.0293,1.1071
encoded,string,1024,churn,6,13.303,12.431,1.0665,1.0591,1.1082
encoded,string,1024,hit,6,4.601,4.577,1.0000,0.9907,1.0379
encoded,string,1024,miss,6,4.427,4.466,0.9877,0.9758,1.0103
encoded,string,1024,replace,6,6.564,6.032,1.0871,1.0609,1.1158
encoded,string,57344,build,6,35.184,32.666,1.0784,1.0563,1.1132
encoded,string,57344,churn,6,15.235,14.274,1.0587,1.0176,1.1940
encoded,string,57344,hit,6,6.828,6.662,1.0246,0.9852,1.0382
encoded,string,57344,miss,6,15.742,17.831,0.9193,0.7936,0.9604
encoded,string,57344,replace,6,9.181,8.378,1.0676,1.0168,1.3427
encoded,string,65536,build,6,53.344,50.567,1.0448,1.0279,1.0663
encoded,string,65536,churn,6,16.290,15.189,1.0625,0.9381,1.0940
encoded,string,65536,hit,6,6.069,6.022,0.9953,0.9798,1.0505
encoded,string,65536,miss,6,5.059,5.073,0.9977,0.9829,1.0127
encoded,string,65536,replace,6,9.005,8.643,1.0114,0.9779,1.1232
encoded,string,1048576,build,6,70.310,74.304,0.9836,0.8971,1.0350
encoded,string,1048576,churn,6,39.678,40.692,1.0362,0.9433,1.3155
encoded,string,1048576,hit,6,20.079,20.406,0.9892,0.9444,1.0084
encoded,string,1048576,miss,6,8.059,8.030,1.0002,0.9732,1.0577
encoded,string,1048576,replace,6,32.495,34.002,1.0085,0.8219,1.1228
hybrid,int,1,build,6,43.617,42.665,1.0244,1.0133,1.0480
hybrid,int,1,churn,6,11.617,11.524,1.0121,0.9814,1.0188
hybrid,int,1,hit,6,4.258,4.276,1.0014,0.9921,1.0136
hybrid,int,1,miss,6,3.054,3.045,1.0053,0.9967,1.0205
hybrid,int,1,replace,6,5.083,5.929,0.8632,0.8408,0.8859
hybrid,int,8,build,6,15.719,15.597,1.0063,0.9955,1.0182
hybrid,int,8,churn,6,12.074,12.211,0.9901,0.9763,0.9939
hybrid,int,8,hit,6,4.772,4.769,1.0014,0.9836,1.0181
hybrid,int,8,miss,6,2.798,2.791,0.9998,0.9691,1.0138
hybrid,int,8,replace,6,5.184,5.877,0.8883,0.8379,0.9107
hybrid,int,64,build,6,36.932,34.633,1.0687,1.0550,1.0833
hybrid,int,64,churn,6,15.474,14.233,1.0839,1.0554,1.0934
hybrid,int,64,hit,6,4.543,4.530,1.0047,0.9869,1.0142
hybrid,int,64,miss,6,3.793,3.788,1.0040,0.9675,1.0155
hybrid,int,64,replace,6,6.309,5.782,1.0875,1.0610,1.1286
hybrid,int,1024,build,6,38.676,36.787,1.0577,1.0343,1.0666
hybrid,int,1024,churn,6,13.631,12.773,1.0643,1.0592,1.0726
hybrid,int,1024,hit,6,4.623,4.628,0.9969,0.9879,1.0017
hybrid,int,1024,miss,6,4.469,4.497,0.9916,0.9832,0.9998
hybrid,int,1024,replace,6,6.413,5.816,1.0998,1.0912,1.1271
hybrid,int,57344,build,6,34.828,33.849,1.0289,0.9812,1.0415
hybrid,int,57344,churn,6,15.306,14.784,1.0455,1.0255,1.0583
hybrid,int,57344,hit,6,6.851,6.849,0.9989,0.9639,1.0164
hybrid,int,57344,miss,6,16.755,18.218,0.9153,0.8695,0.9475
hybrid,int,57344,replace,6,8.640,8.021,1.0721,1.0524,1.0994
hybrid,int,65536,build,6,48.898,49.520,0.9862,0.9645,1.0025
hybrid,int,65536,churn,6,16.073,15.278,1.0498,1.0362,1.0588
hybrid,int,65536,hit,6,6.088,6.057,0.9971,0.9790,1.0209
hybrid,int,65536,miss,6,5.069,5.071,0.9991,0.9744,1.0079
hybrid,int,65536,replace,6,8.435,7.881,1.0521,0.7489,1.0925
hybrid,int,1048576,build,6,69.498,68.669,1.0062,0.9842,1.0294
hybrid,int,1048576,churn,6,38.819,36.240,1.0699,1.0498,1.1992
hybrid,int,1048576,hit,6,17.945,18.008,1.0033,0.9661,1.0473
hybrid,int,1048576,miss,6,8.005,8.046,0.9946,0.8834,1.0467
hybrid,int,1048576,replace,6,25.541,24.325,1.0485,0.7909,1.1367
hybrid,string,1,build,6,43.730,42.023,1.0361,1.0167,1.1096
hybrid,string,1,churn,6,11.607,11.883,0.9740,0.9630,0.9883
hybrid,string,1,hit,6,4.252,4.277,0.9951,0.9734,1.0012
hybrid,string,1,miss,6,3.045,3.046,1.0003,0.9873,1.0106
hybrid,string,1,replace,6,5.319,6.072,0.8760,0.8625,0.8934
hybrid,string,8,build,6,15.559,15.558,0.9938,0.9806,1.0324
hybrid,string,8,churn,6,11.820,11.918,0.9943,0.9794,1.0026
hybrid,string,8,hit,6,4.723,4.729,0.9989,0.9896,1.0055
hybrid,string,8,miss,6,2.776,2.817,0.9806,0.9445,1.0205
hybrid,string,8,replace,6,5.470,6.136,0.8914,0.8691,0.9210
hybrid,string,64,build,6,36.541,34.477,1.0633,1.0540,1.0781
hybrid,string,64,churn,6,15.315,14.386,1.0659,1.0459,1.0968
hybrid,string,64,hit,6,4.518,4.515,0.9980,0.9874,1.0124
hybrid,string,64,miss,6,3.788,3.825,0.9916,0.9739,1.0170
hybrid,string,64,replace,6,6.587,6.018,1.0938,1.0560,1.1445
hybrid,string,1024,build,6,39.004,37.180,1.0499,1.0415,1.0699
hybrid,string,1024,churn,6,13.619,12.768,1.0664,1.0609,1.0859
hybrid,string,1024,hit,6,4.634,4.649,0.9953,0.9892,1.0122
hybrid,string,1024,miss,6,4.477,4.498,0.9985,0.9861,1.0093
hybrid,string,1024,replace,6,6.556,6.088,1.0800,1.0446,1.1062
hybrid,string,57344,build,6,35.778,34.615,1.0276,1.0198,1.0528
hybrid,string,57344,churn,6,15.601,14.723,1.0614,1.0098,1.1096
hybrid,string,57344,hit,6,6.918,6.821,1.0155,0.9958,1.0317
hybrid,string,57344,miss,6,16.785,18.085,0.9316,0.8932,0.9630
hybrid,string,57344,replace,6,8.934,8.409,1.0671,1.0006,1.2650
hybrid,string,65536,build,6,53.291,53.283,0.9949,0.9658,1.0061
hybrid,string,65536,churn,6,16.130,15.234,1.0547,1.0210,1.0656
hybrid,string,65536,hit,6,6.080,6.089,0.9949,0.9748,1.0291
hybrid,string,65536,miss,6,5.071,5.117,0.9901,0.9794,1.0100
hybrid,string,65536,replace,6,8.639,8.236,1.0506,0.7638,1.0707
hybrid,string,1048576,build,6,73.431,73.309,1.0039,0.9662,1.0320
hybrid,string,1048576,churn,6,39.192,37.963,1.0258,0.9802,1.0724
hybrid,string,1048576,hit,6,17.812,17.576,1.0098,0.9878,1.1033
hybrid,string,1048576,miss,6,8.005,8.111,0.9890,0.9840,1.0074
hybrid,string,1048576,replace,6,27.421,25.697,1.0688,1.0245,1.0787
replace-inline,int,1,build,6,43.841,39.957,1.1012,1.0736,1.1253
replace-inline,int,1,churn,6,11.660,11.860,0.9822,0.9739,0.9894
replace-inline,int,1,hit,6,4.258,4.261,0.9975,0.9944,1.0089
replace-inline,int,1,miss,6,3.048,3.066,0.9949,0.9922,1.0056
replace-inline,int,1,replace,6,5.050,5.708,0.8860,0.8766,0.9226
replace-inline,int,8,build,6,15.601,16.263,0.9623,0.9323,1.0072
replace-inline,int,8,churn,6,12.131,12.505,0.9699,0.9436,0.9881
replace-inline,int,8,hit,6,4.748,4.787,0.9956,0.9907,1.0017
replace-inline,int,8,miss,6,2.822,2.824,1.0014,0.9264,1.0205
replace-inline,int,8,replace,6,5.200,5.774,0.9022,0.8814,0.9213
replace-inline,int,64,build,6,37.299,35.047,1.0650,1.0495,1.0796
replace-inline,int,64,churn,6,15.492,14.128,1.0939,1.0851,1.1175
replace-inline,int,64,hit,6,4.534,4.534,1.0004,0.9941,1.0175
replace-inline,int,64,miss,6,3.798,3.778,1.0031,0.9784,1.0184
replace-inline,int,64,replace,6,6.255,5.635,1.1019,1.0875,1.1353
replace-inline,int,1024,build,6,38.713,36.747,1.0527,1.0454,1.0624
replace-inline,int,1024,churn,6,13.796,12.713,1.0832,1.0704,1.0904
replace-inline,int,1024,hit,6,4.640,4.650,0.9998,0.9791,1.0180
replace-inline,int,1024,miss,6,4.446,4.467,0.9943,0.9863,1.0106
replace-inline,int,1024,replace,6,6.375,5.752,1.1092,1.0896,1.2353
replace-inline,int,57344,build,6,34.754,32.284,1.0768,1.0255,1.1206
replace-inline,int,57344,churn,6,15.403,14.541,1.0620,1.0511,1.0832
replace-inline,int,57344,hit,6,6.877,7.066,0.9732,0.9550,1.0019
replace-inline,int,57344,miss,6,17.025,18.292,0.9292,0.8780,0.9714
replace-inline,int,57344,replace,6,8.629,8.100,1.0606,1.0292,1.1229
replace-inline,int,65536,build,6,48.723,46.693,1.0450,1.0310,1.0643
replace-inline,int,65536,churn,6,16.160,15.052,1.0684,1.0478,1.0790
replace-inline,int,65536,hit,6,6.239,6.197,1.0165,0.9593,1.0832
replace-inline,int,65536,miss,6,5.078,5.078,0.9998,0.9927,1.0063
replace-inline,int,65536,replace,6,8.455,7.838,1.0740,1.0631,1.1566
replace-inline,int,1048576,build,6,69.077,66.076,1.0477,1.0072,1.1475
replace-inline,int,1048576,churn,6,38.811,36.088,1.0754,1.0630,1.1548
replace-inline,int,1048576,hit,6,19.453,18.922,1.0351,0.9716,1.0894
replace-inline,int,1048576,miss,6,8.148,7.984,0.9796,0.9426,1.0869
replace-inline,int,1048576,replace,6,25.403,24.694,1.0379,0.9969,1.0939
replace-inline,string,1,build,6,44.189,40.165,1.0793,1.0561,1.1244
replace-inline,string,1,churn,6,11.720,11.991,0.9784,0.9639,0.9861
replace-inline,string,1,hit,6,4.258,4.247,1.0042,0.9898,1.0115
replace-inline,string,1,miss,6,3.055,3.046,1.0007,0.9945,1.0122
replace-inline,string,1,replace,6,5.346,5.934,0.8986,0.8510,0.9233
replace-inline,string,8,build,6,15.436,15.845,0.9744,0.9204,1.0040
replace-inline,string,8,churn,6,11.838,12.130,0.9774,0.9672,0.9867
replace-inline,string,8,hit,6,4.760,4.755,0.9975,0.9882,1.0089
replace-inline,string,8,miss,6,2.837,2.793,0.9995,0.9392,1.0664
replace-inline,string,8,replace,6,5.455,6.200,0.8828,0.8566,0.9069
replace-inline,string,64,build,6,37.181,35.127,1.0612,1.0310,1.0956
replace-inline,string,64,churn,6,15.343,14.020,1.0930,1.0743,1.1115
replace-inline,string,64,hit,6,4.537,4.521,1.0031,0.9980,1.0106
replace-inline,string,64,miss,6,3.782,3.798,0.9916,0.9835,1.0000
replace-inline,string,64,replace,6,6.485,6.083,1.0755,1.0482,1.0830
replace-inline,string,1024,build,6,38.954,36.897,1.0569,1.0539,1.0712
replace-inline,string,1024,churn,6,13.667,12.723,1.0798,1.0453,1.1253
replace-inline,string,1024,hit,6,4.655,4.612,1.0116,0.9985,1.0195
replace-inline,string,1024,miss,6,4.489,4.467,1.0055,0.9829,1.0081
replace-inline,string,1024,replace,6,6.584,6.194,1.0646,1.0548,1.0920
replace-inline,string,57344,build,6,36.115,33.701,1.0735,1.0595,1.0868
replace-inline,string,57344,churn,6,15.412,14.575,1.0528,1.0354,1.0886
replace-inline,string,57344,hit,6,6.863,6.889,0.9955,0.9693,1.0062
replace-inline,string,57344,miss,6,16.646,18.328,0.8979,0.8655,0.9366
replace-inline,string,57344,replace,6,8.974,8.453,1.0642,1.0469,1.1198
replace-inline,string,65536,build,6,53.406,50.975,1.0474,1.0424,1.0760
replace-inline,string,65536,churn,6,16.102,15.171,1.0646,1.0369,1.0735
replace-inline,string,65536,hit,6,6.170,6.144,1.0163,0.9502,1.0840
replace-inline,string,65536,miss,6,5.107,5.087,1.0107,0.9703,1.0153
replace-inline,string,65536,replace,6,8.723,8.456,1.0364,1.0066,1.0648
replace-inline,string,1048576,build,6,72.821,70.637,1.0342,1.0077,1.0571
replace-inline,string,1048576,churn,6,39.582,37.302,1.0687,0.9076,1.1090
replace-inline,string,1048576,hit,6,18.964,19.015,1.0060,0.9778,1.0359
replace-inline,string,1048576,miss,6,7.991,8.067,1.0019,0.8965,1.0326
replace-inline,string,1048576,replace,6,27.535,26.075,1.0532,0.9206,1.0750
fused-write,int,1,build,6,43.694,45.352,0.9677,0.9345,1.0084
fused-write,int,1,churn,6,11.651,10.941,1.0548,1.0391,1.1104
fused-write,int,1,hit,6,4.281,4.252,1.0070,0.9956,1.0215
fused-write,int,1,miss,6,3.052,3.040,0.9994,0.9901,1.0115
fused-write,int,1,replace,6,5.107,5.047,1.0130,0.9826,1.0622
fused-write,int,8,build,6,15.650,14.665,1.0696,1.0573,1.0938
fused-write,int,8,churn,6,12.120,11.968,1.0070,1.0000,1.0230
fused-write,int,8,hit,6,4.780,4.785,0.9965,0.9895,1.0010
fused-write,int,8,miss,6,2.782,2.843,0.9791,0.9077,0.9961
fused-write,int,8,replace,6,5.098,5.101,1.0094,0.9714,1.0535
fused-write,int,16,build,6,28.681,25.877,1.1064,1.0857,1.1384
fused-write,int,16,churn,6,14.668,14.599,1.0142,0.9957,1.0269
fused-write,int,16,hit,6,4.706,4.720,1.0016,0.9864,1.0150
fused-write,int,16,miss,6,3.957,3.978,1.0032,0.9915,1.0156
fused-write,int,16,replace,6,6.498,6.537,1.0030,0.9789,1.0107
fused-write,int,64,build,6,37.190,35.757,1.0445,1.0247,1.0736
fused-write,int,64,churn,6,15.447,15.379,1.0122,0.9905,1.0238
fused-write,int,64,hit,6,4.527,4.530,0.9987,0.9952,1.0106
fused-write,int,64,miss,6,3.772,3.800,0.9887,0.9830,1.0008
fused-write,int,64,replace,6,6.224,6.284,0.9983,0.9712,1.0241
fused-write,int,1024,build,6,38.861,37.854,1.0263,1.0126,1.0356
fused-write,int,1024,churn,6,13.669,13.875,0.9930,0.9711,1.0137
fused-write,int,1024,hit,6,4.643,4.646,0.9951,0.9893,1.0164
fused-write,int,1024,miss,6,4.494,4.466,1.0001,0.9903,1.0135
fused-write,int,1024,replace,6,6.369,6.404,0.9916,0.9788,1.0052
fused-write,int,57344,build,6,34.654,34.449,1.0118,1.0010,1.0200
fused-write,int,57344,churn,6,15.451,15.400,0.9945,0.9780,1.0214
fused-write,int,57344,hit,6,6.952,6.935,1.0061,0.9817,1.0074
fused-write,int,57344,miss,6,16.825,18.136,0.9333,0.9215,0.9418
fused-write,int,57344,replace,6,8.684,8.765,0.9852,0.9741,1.0114
fused-write,int,1048576,build,6,68.530,67.813,1.0054,0.9841,1.0183
fused-write,int,1048576,churn,6,38.070,37.197,1.0744,0.9585,1.2346
fused-write,int,1048576,hit,6,18.138,18.453,0.9832,0.9338,1.1356
fused-write,int,1048576,miss,6,7.744,7.550,1.0019,0.9434,1.1256
fused-write,int,1048576,replace,6,24.915,24.419,1.0351,0.9607,1.0795
fused-write,string,1,build,6,44.359,45.198,0.9758,0.9538,1.0086
fused-write,string,1,churn,6,11.631,11.116,1.0463,1.0230,1.0852
fused-write,string,1,hit,6,4.288,4.271,0.9987,0.9841,1.0233
fused-write,string,1,miss,6,3.047,3.064,0.9964,0.9841,1.0059
fused-write,string,1,replace,6,5.322,5.299,1.0001,0.9863,1.0379
fused-write,string,8,build,6,15.628,14.477,1.0806,1.0592,1.0956
fused-write,string,8,churn,6,11.898,11.756,1.0124,1.0077,1.0193
fused-write,string,8,hit,6,4.784,4.757,1.0028,0.9981,1.0097
fused-write,string,8,miss,6,2.816,2.849,0.9896,0.9313,1.0104
fused-write,string,8,replace,6,5.439,5.446,1.0095,0.9806,1.0460
fused-write,string,16,build,6,28.706,25.748,1.1149,1.0895,1.1405
fused-write,string,16,churn,6,14.745,14.891,0.9876,0.9765,1.0259
fused-write,string,16,hit,6,4.690,4.710,0.9976,0.9822,1.0145
fused-write,string,16,miss,6,3.977,3.974,1.0042,0.9895,1.0146
fused-write,string,16,replace,6,6.675,6.693,0.9996,0.9857,1.0216
fused-write,string,64,build,6,36.370,35.005,1.0418,0.9921,1.0582
fused-write,string,64,churn,6,15.383,15.261,1.0127,0.9850,1.0254
fused-write,string,64,hit,6,4.570,4.545,1.0055,0.9942,1.0070
fused-write,string,64,miss,6,3.803,3.790,0.9976,0.9858,1.0339
fused-write,string,64,replace,6,6.525,6.478,1.0007,0.9798,1.0376
fused-write,string,1024,build,6,38.796,38.295,1.0196,1.0047,1.0345
fused-write,string,1024,churn,6,13.703,13.874,0.9912,0.9835,1.0068
fused-write,string,1024,hit,6,4.637,4.652,1.0044,0.9861,1.0173
fused-write,string,1024,miss,6,4.443,4.472,1.0003,0.9583,1.0129
fused-write,string,1024,replace,6,6.609,6.587,1.0061,0.9818,1.0347
fused-write,string,57344,build,6,36.005,35.519,1.0149,0.9992,1.0186
fused-write,string,57344,churn,6,15.611,15.545,0.9981,0.7852,1.0195
fused-write,string,57344,hit,6,6.919,6.890,1.0034,0.9887,1.0132
fused-write,string,57344,miss,6,17.032,18.242,0.9128,0.8953,0.9658
fused-write,string,57344,replace,6,8.928,8.870,1.0070,0.9778,1.0358
fused-write,string,1048576,build,6,73.162,70.125,1.0594,1.0165,1.1293
fused-write,string,1048576,churn,6,39.794,37.430,1.0307,0.9906,1.2640
fused-write,string,1048576,hit,6,18.649,18.096,1.0082,0.9770,1.4240
fused-write,string,1048576,miss,6,7.728,7.569,1.0503,0.9755,1.2466
fused-write,string,1048576,replace,6,26.992,25.774,1.0462,0.9364,1.1182
group8,int,1,build,6,45.329,32.864,1.3698,1.3113,1.4322
group8,int,1,churn,6,11.559,11.585,0.9981,0.9864,1.1716
group8,int,1,hit,6,4.308,4.231,1.0152,1.0026,1.4199
group8,int,1,miss,6,3.021,2.681,1.1257,1.1176,1.7016
group8,int,1,replace,6,5.131,5.016,1.0239,1.0058,1.0428
group8,int,8,build,6,15.657,31.645,0.4996,0.4908,0.5074
group8,int,8,churn,6,12.200,13.341,0.9110,0.8997,0.9422
group8,int,8,hit,6,4.769,5.143,0.9275,0.9146,0.9342
group8,int,8,miss,6,2.787,3.498,0.8007,0.7669,0.8122
group8,int,8,replace,6,5.155,6.494,0.7921,0.7834,0.8148
group8,int,16,build,6,28.869,35.216,0.8211,0.8098,0.8410
group8,int,16,churn,6,14.872,14.677,1.0064,0.9860,1.0335
group8,int,16,hit,6,4.761,4.998,0.9482,0.9105,0.9847
group8,int,16,miss,6,4.021,3.737,1.0679,1.0613,1.0996
group8,int,16,replace,6,6.460,6.565,0.9849,0.9698,1.0032
group8,int,64,build,6,37.087,38.995,0.9482,0.9345,0.9567
group8,int,64,churn,6,15.518,16.216,0.9513,0.9345,0.9863
group8,int,64,hit,6,4.585,4.811,0.9497,0.9317,0.9672
group8,int,64,miss,6,3.797,3.308,1.1378,1.1235,1.1870
group8,int,64,replace,6,6.316,6.467,0.9696,0.9453,1.0104
group8,int,1024,build,6,39.192,39.660,0.9839,0.9602,1.0185
group8,int,1024,churn,6,13.611,17.023,0.7984,0.7939,0.8168
group8,int,1024,hit,6,4.642,5.000,0.9300,0.9167,0.9493
group8,int,1024,miss,6,4.466,4.546,0.9786,0.9680,0.9998
group8,int,1024,replace,6,6.326,6.622,0.9496,0.9411,0.9850
group8,int,57344,build,6,35.111,36.507,0.9462,0.9124,0.9679
group8,int,57344,churn,6,15.440,17.980,0.8542,0.8220,0.8824
group8,int,57344,hit,6,6.917,8.104,0.8512,0.8473,0.8714
group8,int,57344,miss,6,17.160,21.612,0.7955,0.7500,0.8094
group8,int,57344,replace,6,9.099,9.731,0.9285,0.9054,0.9627
group8,int,65536,build,6,49.196,49.981,0.9856,0.9225,1.0000
group8,int,65536,churn,6,15.993,20.072,0.7952,0.6827,0.7994
group8,int,65536,hit,6,6.157,6.434,0.9522,0.9442,0.9930
group8,int,65536,miss,6,5.072,4.976,1.0226,1.0141,1.0295
group8,int,65536,replace,6,8.377,8.786,0.9665,0.8887,0.9824
group8,int,917504,build,6,49.721,51.809,0.9799,0.7949,1.0367
group8,int,917504,churn,6,43.752,42.359,1.0042,0.9538,1.0864
group8,int,917504,hit,6,12.407,13.762,0.9044,0.7621,0.9411
group8,int,917504,miss,6,24.047,28.949,0.8325,0.8138,0.8403
group8,int,917504,replace,6,16.053,17.860,0.8801,0.7358,1.2137
group8,int,1048576,build,6,68.082,71.633,0.9504,0.9002,1.0258
group8,int,1048576,churn,6,35.800,42.233,0.8416,0.7598,1.0707
group8,int,1048576,hit,6,18.081,18.595,0.9824,0.8214,1.0573
group8,int,1048576,miss,6,6.688,6.096,1.1086,0.9864,1.2564
group8,int,1048576,replace,6,23.767,27.706,0.8514,0.7652,1.1262
group8,string,1,build,6,44.594,32.233,1.3778,1.2786,1.4009
group8,string,1,churn,6,11.725,11.582,1.0163,0.9890,1.1737
group8,string,1,hit,6,4.279,4.269,1.0000,0.9848,1.4017
group8,string,1,miss,6,3.083,2.683,1.1388,1.1116,1.7011
group8,string,1,replace,6,5.300,5.237,1.0037,0.9941,1.0296
group8,string,8,build,6,15.658,31.491,0.4933,0.4812,0.5124
group8,string,8,churn,6,11.840,13.436,0.8801,0.8697,0.8970
group8,string,8,hit,6,4.762,5.133,0.9230,0.9164,0.9428
group8,string,8,miss,6,2.795,3.523,0.7906,0.7856,0.8512
group8,string,8,replace,6,5.446,6.638,0.8189,0.8125,0.8346
group8,string,16,build,6,28.889,34.785,0.8258,0.8132,0.8531
group8,string,16,churn,6,14.805,14.924,0.9966,0.9702,1.0047
group8,string,16,hit,6,4.740,5.016,0.9447,0.9213,0.9664
group8,string,16,miss,6,4.002,3.796,1.0472,1.0362,1.0704
group8,string,16,replace,6,6.684,6.809,0.9797,0.9650,1.0036
group8,string,64,build,6,36.665,38.564,0.9444,0.9408,0.9670
group8,string,64,churn,6,15.432,16.315,0.9481,0.9304,0.9553
group8,string,64,hit,6,4.558,4.806,0.9473,0.9257,0.9695
group8,string,64,miss,6,3.812,3.301,1.1529,1.1320,1.1705
group8,string,64,replace,6,6.473,6.636,0.9775,0.9481,1.0015
group8,string,1024,build,6,38.704,39.933,0.9782,0.9632,0.9970
group8,string,1024,churn,6,13.712,17.195,0.7930,0.7827,0.8057
group8,string,1024,hit,6,4.640,5.004,0.9215,0.9109,0.9431
group8,string,1024,miss,6,4.456,4.540,0.9753,0.9583,1.0009
group8,string,1024,replace,6,6.585,6.928,0.9533,0.9016,0.9720
group8,string,57344,build,6,36.001,37.675,0.9493,0.9160,0.9807
group8,string,57344,churn,6,15.574,18.005,0.8625,0.8442,0.8977
group8,string,57344,hit,6,6.941,8.107,0.8587,0.8410,0.8741
group8,string,57344,miss,6,16.821,21.550,0.7819,0.7089,0.8364
group8,string,57344,replace,6,8.980,10.018,0.9048,0.8818,1.0465
group8,string,65536,build,6,53.550,54.392,0.9788,0.9710,1.0010
group8,string,65536,churn,6,16.151,20.142,0.7975,0.7724,0.8903
group8,string,65536,hit,6,6.183,6.495,0.9603,0.9388,1.0274
group8,string,65536,miss,6,5.064,4.911,1.0310,1.0232,1.0515
group8,string,65536,replace,6,9.020,8.963,0.9980,0.9416,1.0832
group8,string,917504,build,6,50.579,51.767,0.9756,0.9361,1.0857
group8,string,917504,churn,6,45.474,44.567,0.9876,0.8790,1.1537
group8,string,917504,hit,6,12.498,14.619,0.8938,0.6926,0.9540
group8,string,917504,miss,6,24.085,29.207,0.8303,0.8072,0.8479
group8,string,917504,replace,6,19.700,21.082,0.9292,0.8648,1.0888
group8,string,1048576,build,6,75.705,75.004,1.0035,0.8842,1.1045
group8,string,1048576,churn,6,37.241,42.841,0.8819,0.7422,1.0034
group8,string,1048576,hit,6,18.457,18.731,0.9700,0.8706,1.0338
group8,string,1048576,miss,6,7.614,6.276,1.2271,0.9830,1.2602
group8,string,1048576,replace,6,28.713,26.697,1.0414,0.9087,1.2739
